<?xml version="1.0" encoding="UTF-8"?>
<!DOCTYPE mapper
    PUBLIC "-//mybatis.org//DTD Mapper 3.0//EN"
    "http://mybatis.org/dtd/mybatis-3-mapper.dtd">

<mapper namespace="com.javalec.friendsourcing.dao.dao">
	
	<insert id="register" parameterType="hashmap">
		insert into member(memId, memName, memAddress, memAddressX, memAddressY, memTel, filename, uploadpath, uuid, memProfile)
		values(#{memId}, #{memName}, '미등록' ,37.571590, 126.980801, null, 'default.jpg','default','default', '반갑습니다.')
	</insert>
    	
    <select id="settings" parameterType="hashmap" resultType="com.javalec.friendsourcing.dto.memberDto">
    	select memId, memName, memAddress, memAddressX, memAddressY, memTel, filename, uploadpath, uuid, memProfile from member
    	where memId = #{memId}
    </select>

    <select id="settings2" parameterType="hashmap" resultType="com.javalec.friendsourcing.dto.FeedimgDto">
    	select IMAGENUM, FEED_FENUM, FILENAME, UPLOADPATH, UUID from feedimg
    	where FEED_FENUM = #{fenum} order by IMAGENUM asc
    </select>

    <select id="coverImage" parameterType="hashmap" resultType="com.javalec.friendsourcing.dto.FeedimgDto">
    	select IMAGENUM, FEED_FENUM, FILENAME, UPLOADPATH, UUID from feedimg
    	where FEED_FENUM = #{fenum} and IMAGENUM = 1
    </select>
    
    <update id="profilesettings" parameterType="hashmap">
		update member set memName = #{memName}, memProfile = #{memProfile} where memId = #{memId}
	</update>
		
    <update id="profilemodify" parameterType="hashmap">
		update member set memTel = #{memTel} where memId = #{memId}
	</update>	
    <update id="profilemodify2" parameterType="hashmap">
		update member set memAddress = #{memAddress}, memAddressX = #{memAddressX}, memAddressY = #{memAddressY} where memId = #{memId}
	</update>	
    
    <insert parameterType="hashmap" id="upload">
    	insert into feed values (FS_SEQ.nextval, SYSTIMESTAMP, #{content}, #{reviewStar}, 'fdsa', 1, 'asdf') 
    </insert>
    
     <select id="list" resultType="com.javalec.friendsourcing.dto.FeedDto">
    	select FENUM, FEDATE, FECONTENT, FESCORE, markertype, PLACE_PLANUM, MEMBER_MEMID from feed
    </select>
    
    <select id="checklg" resultType="String" parameterType="String">
    	select memId from member where memId = #{memId}
    </select>
   	<select id="memXY" resultType="com.javalec.friendsourcing.dto.memberDto">
    	select MEMADDRESSX, MEMADDRESSY from member where MEMID = #{param1}
    </select>
    
    <select id="bringOtherPlanum" resultType="com.javalec.friendsourcing.dto.FeedDto">
    	select place_planum, markertype from feed 
    </select>
    
    <select id="bringOtherXY" resultType="com.javalec.friendsourcing.dto.placeDto">
    	select PLAX, PLAY from PLACE where PLANUM = #{param1}
    </select>
    
    <select id="OtherCluster" resultType="com.javalec.friendsourcing.dto.placeDto">
    	select PLANUM, PLANAME, PLAX, PLAY from PLACE
    </select>

    <select id="OtherCluster2" resultType="com.javalec.friendsourcing.dto.placeDto" parameterType="hashmap">
    	select PLANUM, PLANAME, PLAX, PLAY from PLACE where PLANUM = #{plaNum}
    </select>

    <select id="myCluster" resultType="com.javalec.friendsourcing.dto.FeedDto" parameterType="hashmap">
    	select distinct place_planum from feed where MEMBER_MEMID = #{member_memid}
    </select>
    
    <select id="myCluster2" resultType="com.javalec.friendsourcing.dto.placeDto" parameterType="hashmap">
    	select PLAX, PLAY, PLANUM from PLACE where PLANUM = #{plaNum}
    </select>
    
    <select id="bringFollowMarker" resultType="com.javalec.friendsourcing.dto.FeedDto" parameterType="hashmap">
    	SELECT PLACE_PLANUM, MARKERTYPE FROM FEED WHERE MEMBER_MEMID = #{member_memid}
    </select>
    
    <select id="contrastPlaceXY" resultType="int" parameterType="hashmap">
    	select count(*) from place where PLAX= #{x} and PLAY = #{y} 
    </select>

	<select id="bringPlaceDB" resultType="int" parameterType="hashmap">
		select PLANUM from place where PLAX= #{x} and PLAY = #{y} 
	</select>

	<select id="bringFeedNum" resultType="com.javalec.friendsourcing.dto.FeedDto" parameterType="hashmap">
		select fenum from FEED where PLACE_PLANUM = #{PLANUM} 
	</select>

	<select id="bringPlaceImg" resultType="int" parameterType="String">
		select count(*) from FEEDIMG where FEED_FENUM = #{fenum} 
	</select>
	
	<!-- 장소번호가지고 입력폼으로 -->
	<select id="getPlaNum" resultType="com.javalec.friendsourcing.dto.placeDto">
		select max(plaNum) as plaNum from place
	</select>
	
	<!--글쓰는 메퍼   -->
   <insert id="write" parameterType="hashmap">
    	insert into feed(place_planum, feNum,feDate,  feContent,feScore,markertype, member_memid)
    	values (#{place_planum}, FS_SEQ.nextval, sysdate, #{fecontent},#{fescore},'octogramIcon.png',#{member_memid})
    </insert>
    
    <!--0609 수정전 보이는 폼  -->
    <select id="contentView" parameterType="hashmap" resultType="com.javalec.friendsourcing.dto.FeedDto">
         select FENUM, FEDATE, FECONTENT, FESCORE,MARKERTYPE,MEMBER_MEMID from feed where feNum= #{fenum}
     </select>
     
     <!-- 0608수정 -->
    <update id="modify" parameterType="hashmap">
    	  update feed set feContent=#{fecontent}, feScore=#{fescore} where feNum=#{fenum}
    </update>
    
       <!--0608 삭제  -->
     <delete id="delete" parameterType="hashmap">
    	delete from feed where feNum=#{fenum}
    </delete>
    
     <select id="mypageList" resultType="com.javalec.friendsourcing.dto.FeedDto" parameterType="hashmap">
    	select fenum, fedate, fecontent, fescore, markertype, place_planum, member_memid from feed where member_memid = #{member_memid} order by FENUM desc
    </select>
    
    <select id="checkImage" resultType="com.javalec.friendsourcing.dto.memberDto">
    	select UUID from member where memId = #{memId}
    </select>
    
     <select id="viewFeedContent" resultType="com.javalec.friendsourcing.dto.FeedDto" parameterType="hashmap">
    	select fenum, fedate, fecontent, fescore, markertype, place_planum, member_memid from feed where fenum = #{fenum}
    </select>
        
    <!-- 메인 피드 리스트 이미지 -->
    <select id="mainFeedListImg" resultType="com.javalec.friendsourcing.dto.FeedimgDto" parameterType="hashmap">
    	select imagenum, feed_fenum, filename, uploadpath, uuid from feedimg where feed_fenum = #{feed_fenum} and imagenum = 1
    </select>
    
	<!-- memId로 memName 불러오기 -->
    <select id="getMemName" parameterType="hashmap" resultType="com.javalec.friendsourcing.dto.memberDto">
    	select memName from member where memId = #{memId}
    </select> 
    
    <!-- 0607 멤버정보 불러오기-->
    <select id="getMemInfo" parameterType="hashmap" resultType="com.javalec.friendsourcing.dto.memberDto">
    	select memId, memName, memProfile from member where memId = #{memId}
    </select>
    
    <!-- 0607 팔로워 불러오기 -->
    <select id="getFollowerSum" parameterType="hashmap" resultType="com.javalec.friendsourcing.dto.FollowDto">
    	select member_memid from follow where follower = #{follower}
    </select>
    
    <!-- 0607 팔로잉 불러오기 -->
    <select id="getFollowingSum" parameterType="hashmap" resultType="com.javalec.friendsourcing.dto.FollowDto">
    	select follower from follow where member_memid = #{member_memid}
    </select>
    
    <!-- 0607 팔로워 목록 -->
    <select id="getFollowerImg" parameterType="hashmap" resultType="com.javalec.friendsourcing.dto.memberDto">
    	select filename, uploadpath, uuid, memId, memName from member where memId = #{memId}
    </select>
    
    <!-- 0607 팔로잉 목록 -->
    <select id="getFollowingImg" parameterType="hashmap" resultType="com.javalec.friendsourcing.dto.memberDto">
    	select filename, uploadpath, uuid, memId, memName from member where memId = #{memId}
    </select>
    
    <!-- 0607 마이페이지 리스트 이미지 -->
    <select id="myPageListImg" parameterType="hashmap" resultType="com.javalec.friendsourcing.dto.FeedimgDto">
    	select imagenum, feed_fenum, filename, uploadpath, uuid from feedimg where feed_fenum = #{feed_fenum} and imagenum = 1
    </select>
    
    <!-- 0608 좋아요 눌렀을때 -->
    <insert id="likeUp" parameterType="hashmap">
    	insert into feedlike(feed_feNum, member_memId) values(#{feed_feNum}, #{member_memId})
    </insert>
    
    <!-- 0608 좋아요 수 불러오기 -->
    <select id="getLikeSum" parameterType="hashmap" resultType="com.javalec.friendsourcing.dto.feedLikeDto">
    	select member_memId from feedLike where feed_feNum = #{feed_feNum}
    </select>
    
    <!-- 0608 좋아요 취소하기 -->
    <insert id="likeDown" parameterType="hashmap">
    	delete from feedlike where member_memid = #{member_memId} and feed_feNum = #{feed_feNum}
    </insert>
    
    	<!-- memId로 follower 불러오기 -->
    <select id="bringFollower" parameterType="hashmap" resultType="com.javalec.friendsourcing.dto.FollowDto">
    	select follower from FOLLOW where member_memId = #{member_memid}
    </select> 

	<!-- follower로 planum 좌표 불러오기 -->
    <select id="bringfollowerPlanum" parameterType="hashmap" resultType="com.javalec.friendsourcing.dto.FeedDto">
    	select FENUM, FEDATE, FECONTENT, FESCORE, MARKERTYPE, PLACE_PLANUM, MEMBER_MEMID from FEED where member_memId = #{memId}
    </select> 

	<!-- follower로 xy 좌표 불러오기 -->
    <select id="bringfollowerXY" parameterType="hashmap" resultType="com.javalec.friendsourcing.dto.placeDto">
    	select PLANUM, PLANAME, PLAX, PLAY from PLACE where PLANUM = #{plaNum}
    </select>
    
    <!-- 0608 피드 수 불러오기 -->
    <select id="getFeedSum" parameterType="hashmap" resultType="com.javalec.friendsourcing.dto.FeedDto">
    	select fenum, fedate, fecontent, fescore, markertype, place_planum, member_memid from feed where member_memId = #{member_memid}
    </select> 
    
    <!--  0609 내이미지, 소개말, 닉네임 불러오기 -->
    <select id="getMyimg" parameterType="hashmap" resultType="com.javalec.friendsourcing.dto.memberDto">
    	select filename, uploadpath, uuid, memProfile, memName from member where memId = #{memId}
    </select>
    
    
	<!-- id로 좋아요한 fenum 불러오기 -->
    <select id="myLikeFeedNum" parameterType="hashmap" resultType="String">
    	select FEED_FENUM FROM FEEDLIKE where MEMBER_MEMID = #{MEMBER_MEMID}
    </select> 

	<!-- id로 내가 작성한 fenum 불러오기 -->
    <select id="myFeedNum" parameterType="hashmap" resultType="String">
    	select FENUM FROM FEED where MEMBER_MEMID = #{MEMBER_MEMID}
    </select> 

	<!-- id로 태그된 fenum 불러오기 -->
    <select id="myTagFeedNum" parameterType="hashmap" resultType="String">
    	select FEED_FENUM FROM TAG where FOLLOWER = #{MEMBER_MEMID}
    </select> 

	<!-- 장소 xy 가져오기 -->
    <select id="LikeFeedXY" parameterType="hashmap" resultType="com.javalec.friendsourcing.dto.placeDto">
    	select distinct PLAX, PLAY FROM PLACE where PLANUM = #{plaNum}
    </select> 
    
    <!-- 팔로우 하기 -->
    <insert id="follow" parameterType="hashmap">
    	insert into follow (MEMBER_MEMID,FOLLOWER) values (#{MEMBER_MEMID},#{FOLLOWER})
    </insert>
    
    <!-- 팔로우 취소 하기 -->
    <delete id="followOk" parameterType="hashmap">
    	delete from follow where MEMBER_MEMID = #{MEMBER_MEMID} and FOLLOWER = #{FOLLOWER}
    </delete>
    
    <select id="checkFollow" parameterType="hashmap" resultType="integer">
    	select count(*) from follow where MEMBER_MEMID=#{MEMBER_MEMID} and FOLLOWER = #{FOLLOWER}
    </select>
    
    <!-- 검색어와 관련된 fenum 불러오기 -->
    <select id="getFeNumByHashTag" parameterType="hashmap" resultType="String">
    	select distinct FEED_FENUM FROM HASHTAG where replace(HASHTAG, ' ', '') LIKE #{HASHTAG}
    </select> 
    
    <!-- 피드 번호 가지고 입력폼으로 -->
	<select id="getFeedNum" resultType="com.javalec.friendsourcing.dto.FeedDto">
		select max(FENUM) as FENUM from feed
	</select>

    <!-- 피드 번호 가지고 입력폼으로 -->
	<select id="getHashTag" resultType="com.javalec.friendsourcing.dto.HashTagDto" parameterType="hashmap">
		select HASHTAG from HASHTAG where FEED_FENUM = #{fenum}
	</select>
	
	<insert id="insertMembership" parameterType="hashmap">
		insert into membership(MEMBER_MEMID, MEMBERSHIP, MEMBERSHIPDATE)
		values(#{memId}, 1, #{date})
	</insert>
	
	<select id="getMembership" resultType="int" parameterType="hashmap">
		select count(*) from MEMBERSHIP where MEMBER_MEMID = #{memId}
	</select>
	
	
        <!-- 댓글 추가 -->
    <insert id="insertComment">
    	 insert into comments (comnum, feed_fenum, comcontent, member_memid) values
    (FS_SEQ.nextval,#{feed_fenum} ,#{comcontent}, #{member_memid})
    </insert>
    
    <select id="listComment" resultType="com.javalec.friendsourcing.dto.CommentDto" parameterType="hashmap">
    	select * from comments
		 where feed_fenum = #{feed_feenum}
		 order by comnum desc
    </select>
    
     <!-- 댓글 수정 -->
    <update id="updateComment" parameterType="hashmap">
    	update comments set comcontent = #{comcontent} where comnum = #{comnum}
    </update>
    
    <!-- 댓글 삭제 -->
    <delete id="deleteComment">
    	delete from comments where comnum = #{comnum}
    </delete>
    
    <!-- 댓글 갯수 카운트 -->
    <select id="countComment" resultType="int">
       select count(comcontent) from comments where feed_fenum = #{feed_fenum}
    </select>
    
    <!-- 6/13 추가 -->
	<delete id="deleteimg">
		delete from feedimg where feed_fenum = ${fenum}
	</delete>
	
	<delete id="deletehastag">
		delete from hashtag where feed_fenum = ${fenum}
	</delete>
	
	<delete id="deletetag">
		delete from tag where feed_fenum = ${fenum}
	</delete>
	
	<delete id="deletelike">
		delete from feedlike where feed_fenum = ${fenum}
	</delete>
	
	<!--0610 이미지 보이는 폼  -->
      <select id="contentView_img" parameterType="hashmap" resultType="com.javalec.friendsourcing.dto.FeedimgDto">
         select IMAGENUM, feed_fenum, filename, UPLOADPATH,UUID from feedimg where feed_fenum= #{feed_fenum}
     </select>
     
     <delete id="deletecomments">
    	 delete from comments where feed_fenum = ${fenum} 
     </delete>

     <delete id="deleteMember" parameterType="map">
   	  {call
        declare
        begin
            delete from COMMENTS where MEMBER_MEMID = #{memName};
            delete from FEEDLIKE where MEMBER_MEMID = #{memId};
            delete from FOLLOW where MEMBER_MEMID = #{memId};
            delete from FOLLOW where FOLLOWER = #{memId};
        end
   		 }
     </delete>

     <delete id="deleteMemberFeed" parameterType="map">
   	  {call
        declare
        begin
            delete from FEEDIMG where FEED_FENUM = #{feNum};
            delete from FEEDLIKE where FEED_FENUM = #{feNum};
            delete from HASHTAG where FEED_FENUM = #{feNum};
            delete from TAG where FEED_FENUM = #{feNum};
            delete from FEED where FENUM = #{feNum};
        end
   		 }
     </delete>
     
     <delete id="deleteMember2" parameterType="map">
   	  {call
        declare
        begin
            delete from MEMBERSHIP where MEMBER_MEMID = #{memId};
            delete from MARKER where MEMBER_MEMID = #{memId};
            delete from MEMBER where MEMID = #{memId};
        end
   		 }
     </delete>
	
</mapper>